Year,Engine_Size,Mileage,Price
2019,4.9,118502,38835.19755285572
2023,3.6,27800,35856.56253863453
2011,4.3,121192,27261.464028818504
2017,1.5,112228,20649.17015796756
2002,4.4,193839,15485.35535876487
2000,4.7,33054,21679.44549025465
2000,2.9,181469,6093.030073044857
2018,3.4,18233,34428.03939449806
2010,4.1,161140,19064.08532336961
2004,1.7,70727,9350.290649508932
2011,3.0,95610,20485.359188036655
2002,2.6,75453,9817.705658004033
2000,1.6,109135,7513.189907173308
2000,2.5,161904,6910.031439239114
2007,1.3,113464,5526.455879371224
2009,1.1,18682,14259.172393131677
2010,1.5,159455,12443.30055112865
2011,4.9,63160,29349.601691847995
2012,3.2,28666,26720.66628281431
2011,4.9,63817,32557.29545143899
2013,2.7,96198,19141.114235001955
2001,2.2,170714,4223.400609224458
2018,3.0,46830,32890.99278103625
2017,2.8,15234,33254.39518283831
2002,1.4,62616,5370.471796748108
2022,3.6,14221,44292.24007027022
2016,1.9,147482,14009.966493206492
2007,3.5,197485,15338.183419628924
2009,3.6,6051,23872.86136014029
2001,1.6,115529,3403.9152749937984
2018,1.2,81918,18860.286499789938
2008,4.1,83116,25357.954912781122
2006,2.8,127226,13384.938571795612
2003,1.2,192635,1000.0
2020,5.0,49757,40991.56810487204
2017,1.2,126008,20564.518994899103
2012,3.8,187329,22520.597476924828
2010,4.9,136379,24276.792586923224
2023,2.0,61889,31007.125470233528
2003,1.6,40944,8563.446675284005
2020,1.5,104555,22281.452174194277
2003,2.2,43134,13483.076307963593
2009,1.4,163395,10196.704347425692
2004,3.8,30954,19734.67454415862
2008,1.2,191093,4385.8666916892325
2023,3.0,94959,32159.827994522864
2002,5.0,9992,27694.124362148526
2016,4.3,6961,36687.34101252766
2002,3.5,17497,18683.652959403753
2015,2.2,168623,17028.296477979668
2003,3.5,191827,10696.410968861335
2017,3.1,18255,34996.55201185627
2016,2.7,140639,27249.58232953545
2006,1.5,53847,11561.834187484952
2023,4.5,184075,36096.31044036619
2022,2.8,25389,31539.276478220636
2004,1.8,180595,2449.413600377253
2011,2.5,128802,16806.427928428187
2016,2.7,66576,24741.073558725147
2022,4.3,48919,39834.24847425616
2012,3.9,8358,34232.87894811233
2022,4.1,93535,37880.83162747696
2002,1.0,110982,1687.3239828038734
2008,2.7,10698,19616.718879323544
2016,2.9,71809,29264.639449539172
2016,1.1,98079,16170.892744022864
2019,2.0,60805,24918.022669698286
2015,4.0,167421,23467.448365381115
2021,1.5,186320,19061.796172497267
2012,3.1,80033,22394.233996445197
2018,1.9,103239,25707.2094920338
2016,1.0,135407,17917.4473840039
2003,2.0,49041,8077.389010467452
2011,4.9,36954,31407.99352423801
2008,4.2,13002,27797.260729747104
2018,4.8,74783,36628.77420921146
2011,3.0,112524,20808.633151373426
2008,1.4,129857,7853.903021828864
2006,3.2,24738,21324.164681110517
2013,2.8,15703,28247.03704329393
2019,4.4,118776,32932.75697932898
2018,1.4,185494,17715.722444954798
2014,3.0,197971,17644.145171359643
2015,1.6,148464,19873.76569829755
2020,2.3,49724,32255.751932498777
2004,3.9,37299,21408.889328227528
2002,2.9,20641,13540.783110939918
2011,2.5,84534,16963.568040650833
2019,2.6,11305,33182.00700414906
2020,2.8,23782,32750.094466939005
2003,4.1,83257,21190.88377150392
2020,4.6,82963,43260.30793859128
2022,4.8,126987,38109.88412256775
2015,4.1,156638,25207.823512483825
2006,2.3,129591,11405.570469065253
2012,3.8,72766,29651.219222904594
2020,2.8,11511,31543.529420428484
2009,2.0,119816,13078.449477518492
2006,4.4,162249,22627.63732234198
2013,1.2,9765,15245.994323019255
2004,4.6,156426,19649.3359228782
2002,2.8,28929,13473.34381280243
2022,3.5,164892,31503.713181942607
2010,3.6,116576,23590.768581167376
2010,4.6,165595,25161.86701577618
2017,3.5,76088,28675.15519577629
2014,3.5,82525,26371.257723533043
2011,1.3,18780,19414.18596064893
2008,3.1,11589,23578.415787848196
2009,1.6,170884,10136.438255169696
2011,3.9,98664,26067.390620366084
2016,3.0,182011,23517.682136483836
2005,3.7,187565,13329.457820125357
2006,1.2,109188,5005.576706465128
2013,1.3,98326,16111.095431696094
2012,3.9,45953,31457.09802089111
2007,1.3,70785,8132.187378406717
2009,1.3,24309,13132.660377152544
2008,1.0,59195,9713.797143538188
2017,4.8,30901,42694.599209965294
2001,4.0,159648,14143.870910336518
2004,2.4,167580,4972.826340268226
2004,2.2,30464,13290.834416820997
2005,2.4,196353,6690.592488499132
2018,4.1,21260,35090.46088799214
2007,3.6,129997,18290.566166210545
2015,1.7,40440,20897.925120787255
2012,1.7,100082,14772.634952765682
2000,1.4,110583,1000.0
2021,3.6,61683,38858.6370966976
2019,4.1,129206,32312.293767798965
2016,2.1,177502,17724.242112600532
2006,1.1,138059,4479.5205754465405
2012,1.3,161177,9431.116299265328
2003,4.9,83484,23484.809464735394
2003,2.2,149098,6675.801192195526
2005,4.1,73309,21994.063053798433
2018,3.5,50927,31235.183715807158
2011,2.5,193607,13407.400985494718
2021,1.8,47946,29123.343750699714
2006,1.5,131503,6565.216737239919
2009,3.5,192633,17191.913825202515
2018,4.1,146449,31511.62400145271
2006,3.6,58592,21905.190261467837
2002,3.1,143419,11446.351830027621
2012,1.2,38776,15712.89878050156
2012,4.9,139855,27684.579393815806
2017,4.2,60798,32522.669342650246
2019,2.2,140370,25016.872825472718
2007,4.9,75204,29280.30089594213
2008,3.4,91207,21738.379368675054
2006,3.3,105356,18854.607055725348
2000,4.0,191233,10115.238032748224
2002,4.2,65652,18467.6471644689
2012,3.6,170556,19511.385180403922
2016,1.5,134572,14592.700006829004
2023,2.4,25922,36128.217377100664
2000,4.7,170100,14008.710288491702
2005,1.9,156388,8790.318138421773
2020,2.5,81996,28026.4283392387
2005,2.7,153040,9495.517583515153
2011,2.8,35266,21047.970404899716
2012,3.5,160072,20320.0912860245
2012,4.8,150083,31332.32756581258
2014,2.0,7866,21438.279840440377
2020,1.5,117669,25850.0436429593
2015,1.8,10898,21773.88514506071
2021,4.5,23395,43830.149941302494
2020,3.6,175091,28954.94741149002
2010,2.1,9006,19408.58083494763
2004,4.3,170465,14433.908445749728
2003,4.4,15956,24005.414034497524
2002,4.4,186114,12377.72800726799
2018,4.7,142150,31029.34580046512
2019,2.0,165703,20954.047356434898
2017,4.0,100676,30695.35378632849
2014,2.8,126724,25032.49703224996
2008,4.4,67901,28604.993430185645
2016,3.9,112227,33283.514362673544
2013,4.1,122192,26028.634190984205
2014,3.6,177646,23389.975480262572
2000,1.7,36417,1437.808080637894
2020,3.2,93020,30785.395238626552
2021,4.9,88639,41265.046696049365
2021,4.7,99881,39814.04615540354
2002,1.2,175526,1000.0
2015,1.7,137659,16750.235143503334
2022,1.5,126688,17739.114731673173
2010,3.9,120584,23983.243672163957
2011,4.3,190782,23927.779783860078
2009,1.9,91567,16597.7008052577
2015,3.0,80886,26693.176118553863
2007,4.4,154888,20994.125866573522
2005,3.9,34432,24988.283844461945
2011,3.2,184689,13050.881550801041
2023,3.4,77373,35101.45293874571
2020,3.0,170289,24953.930039882576
2007,2.2,25884,16636.756400337377
2003,3.3,10454,14579.91437554167
2007,3.8,79960,24641.271324487436
2017,4.5,107421,33629.330200631506
2004,3.5,48618,19706.693382317866
2008,4.0,198743,18509.032450119787
2003,1.6,52111,10919.429789753902
2021,2.8,175685,22491.849730251906
2016,1.0,125592,14945.042330939625
2008,2.0,64993,17042.70652140972
2000,3.9,133652,12621.427106558616
2020,5.0,144920,35851.4612137234
2019,1.4,83672,20608.61976868843
2012,2.6,71125,20657.86599638719
2015,4.2,122509,28432.449940954022
2012,1.8,66602,17364.27776586528
2013,3.2,47222,29655.394806370005
2002,3.9,54223,17594.120468925033
2005,3.5,70333,18008.002051442
2017,1.8,188804,17479.361168100626
2018,2.4,127650,23267.859272072248
2004,4.1,54420,19120.629733310234
2014,3.2,80504,25852.423124441957
2001,1.0,7462,5429.117135206148
2009,4.0,14460,30228.356690876306
2023,1.1,104319,21339.745203594677
2017,4.0,145347,31697.28896551089
2012,1.8,149341,13337.288375800113
2004,4.8,134593,19054.466658170008
2022,2.5,127672,25498.843375846143
2023,2.3,77920,34472.77705581706
2000,1.6,27553,6302.51795432912
2021,2.2,160438,25851.108233460975
2000,4.5,49036,16631.961210783742
2017,5.0,153441,39603.3397759278
2014,2.5,147867,20893.13925673426
2016,2.8,75021,25738.069571689583
2010,3.9,112205,23277.41828428898
2020,4.5,166215,35658.44625660599
2021,3.4,165497,31079.513373450096
2016,2.6,93209,24704.608560794877
2012,2.7,80139,21514.80751640446
2000,3.8,10368,19603.734168051833
2001,1.0,140693,1000.0
2008,3.5,63829,21566.000574771493
2002,2.4,134036,4004.4722834143076
2000,4.2,196366,12390.88468940501
2020,1.4,19719,24662.42205793336
2015,3.4,34227,27145.493842641645
2022,2.9,114430,29190.92695196206
2005,3.6,143638,16116.81240293157
2016,1.3,17306,21224.24323488838
2004,3.3,58822,15212.586881934454
2004,3.2,29042,15138.162796538769
2005,3.2,151158,13589.965574061003
2002,3.4,153459,10165.513786499077
2020,3.7,163114,29828.138580271898
2022,4.2,94424,37959.429625023404
2004,2.1,187690,5975.631374350637
2020,4.3,154395,35474.14300353982
2004,3.0,23019,18142.068401916884
2009,1.3,80426,10837.774900480714
2009,1.2,45863,12756.377076191606
2018,2.3,116023,23020.376065480756
2016,4.1,146355,25897.14329273376
2020,3.8,154351,33466.34234257915
2013,4.2,51999,33206.927724975605
2008,3.1,67780,24087.667987161192
2013,2.8,27908,30165.598612955215
2000,1.6,197656,1000.0
2018,2.3,131278,22265.300159242342
2012,2.7,118002,24622.979193740288
2012,1.4,186297,9604.04876883553
2003,1.9,174024,4287.2218050935035
2000,3.4,105706,8672.440096610842
2016,3.9,173735,27113.827263153547
2007,5.0,127019,29512.93074951818
2001,4.7,114708,21337.851620207057
2007,3.6,197453,13907.380756962912
2006,2.7,184001,9507.317266863167
2001,3.5,14343,15521.049415011472
2021,4.1,81173,35739.02371950059
2021,1.5,105260,19416.57614242706
2002,2.6,175863,6037.210650680515
2017,4.4,165206,33759.92135986082
2011,2.5,183173,15052.213848187499
2000,3.3,74443,15510.327979931466
2021,3.4,62530,37019.998801851994
2011,1.7,182871,9262.833820854743
2004,2.4,140899,7436.036677187102
2016,2.3,101143,21000.480886297086
2015,1.1,198725,7129.626103115903
2014,1.1,149771,12076.11046559115
2022,4.3,119527,31714.72120684583
2014,2.1,141385,18613.58101857277
2004,3.1,149670,12160.26187143775
2020,2.2,116362,26124.779732989682
2013,4.8,33807,37423.68256589627
2001,2.0,181298,2332.6891766777076
2010,2.7,64550,23535.643475309513
2018,4.5,8558,41315.99162190442
2006,4.4,55113,23730.096306367897
2005,1.7,57999,10124.62791570824
2001,4.2,191950,7879.917946499727
2005,2.8,172415,8574.869119055667
2017,2.9,63219,27577.057188133218
2001,1.5,171258,1029.647219115332
2017,1.3,173038,13347.377942916379
2014,3.9,169841,22515.421972131135
2018,3.0,58218,26314.036193983746
2001,2.7,24229,12095.714962813363
2019,3.9,80209,38391.25360473586
2005,4.1,32877,24398.36406979407
2000,1.6,194073,1000.0
2023,3.4,102137,33093.0415346715
2014,1.5,43084,16198.900479795562
2022,4.0,86780,35218.84507182387
2009,3.6,152878,19161.837781684724
2018,4.8,42034,35910.04231304149
2016,1.3,176389,11667.369167180457
2004,1.2,60468,5803.878628057413
2003,2.1,155166,3099.8493878733975
2009,2.0,193868,5059.233965350341
2023,2.0,15589,32799.85739641952
2016,4.6,62221,35980.692889769125
2009,2.0,6657,20225.20973526026
2016,2.1,103300,19114.148501495114
2019,4.0,122229,34408.395486094945
2023,2.8,44531,37832.05838897377
2004,4.1,57227,22163.07946447371
2001,1.3,8164,5871.927411106679
2005,3.0,98078,15386.261299018486
2020,1.1,46247,21872.075221408846
2001,1.3,155673,1000.0
2012,4.6,55599,33586.57077900665
2010,1.6,140624,10690.699360425602
2010,3.1,145489,20635.741306900058
2015,2.6,194651,17382.604021512856
2010,2.4,73207,17657.30083865998
2018,4.6,77055,36014.22800953706
2014,1.1,107266,11896.33312262559
2022,3.7,83270,37965.34979723318
2022,4.9,116426,45050.12332922831
2015,3.2,139794,23245.845522867694
2010,4.7,75442,28366.908112649988
2021,1.2,100632,20477.75303258582
2015,2.7,176103,18335.38354479924
2007,2.0,26438,18977.667372481603
2003,3.9,63819,17872.088960480218
2007,4.9,48856,27886.66639822092
2003,2.0,169648,2036.8914956980561
2023,3.6,46938,39240.39754772614
2002,1.8,185100,1610.5408756980264
2002,3.3,64807,12985.29244839488
2017,2.9,54877,26970.490805363843
2018,4.9,48461,43142.81674107111
2018,3.4,98474,30141.715512537536
2020,2.4,176541,23376.32079089459
2004,1.5,88136,7304.507650052123
2017,1.6,25435,26517.500776422352
2009,1.9,150263,8896.421275358578
2021,2.0,89726,25720.90895964709
2020,4.4,163458,33489.16958667498
2005,3.2,167793,9167.998349420552
2000,3.1,59786,10678.416966837314
2004,1.5,18704,12658.149654561874
2008,4.4,61635,28438.676992660236
2011,3.9,138195,25464.383750204062
2013,1.3,95710,13536.319554937198
2001,3.8,67993,15668.959519762326
2016,3.2,117752,22536.269009923937
2013,1.3,161488,13289.469084632618
2012,2.8,137886,21299.004537532193
2008,2.9,83537,20490.99193307122
2014,1.7,55258,22945.282506954478
2021,4.8,152580,38215.21718697981
2014,4.4,90166,34605.463673093385
2023,3.7,118710,35163.550781684244
2010,2.8,40699,18431.0292699889
2015,2.6,51335,27154.699354480235
2016,3.6,51806,27801.92174798261
2003,3.2,82853,15197.754098986728
2000,1.2,199840,1000.0
2007,3.1,40739,21111.567592070394
2016,4.2,39785,39567.236141164554
2002,2.8,168052,3665.542011706044
2019,1.2,90016,20333.47865492817
2014,4.1,137681,27650.860930505314
2014,1.8,71253,16749.14436763517
2023,2.0,96128,25886.134418551428
2021,1.7,164213,19599.0927783468
2013,2.3,166081,13996.655411901475
2022,4.0,132581,35154.96069967226
2013,3.1,115966,21495.770199695682
2023,1.8,142854,25493.11676819135
2001,4.5,104352,19581.260932406127
2012,4.5,162005,27563.30791943778
2013,4.5,82154,30572.047509630487
2023,2.0,144379,26350.001258928944
2018,2.8,113297,28405.407832353467
2006,4.9,43346,29223.82916255498
2002,4.1,117138,20361.055388886838
2014,1.1,55772,18675.75797353338
2022,1.3,45149,29679.364145296924
2013,2.9,91700,17930.313744139872
2010,4.6,163598,25013.452242280462
2014,3.2,101758,24264.234998095562
2012,3.0,133447,20077.69053937157
2017,1.4,10695,21855.33115979172
2005,3.6,44169,21583.948800768358
2002,4.3,52947,17235.937135165175
2018,2.5,183296,22142.07372574258
2014,4.1,50865,30413.327559638918
2022,4.9,161625,37417.97781975913
2004,1.8,109501,8401.953539131475
2009,3.1,65410,21387.05545573267
2006,2.1,108754,13170.141822812906
2016,4.2,95895,30266.242988308022
2006,3.3,160888,14294.188695565745
2021,3.5,191098,30722.6462340223
2011,4.2,55705,29937.149487502797
2016,2.6,197994,19951.48850692559
2012,4.7,120700,31681.08571676647
2019,3.1,78914,29741.81510226094
2003,1.6,6881,9422.288245755459
2009,3.8,175639,20369.858873864672
2002,4.2,52365,20082.88702797782
2008,2.3,84211,17533.857135395432
2012,4.4,161078,26685.64687423011
2017,4.6,46198,36443.39863941947
2014,2.1,158903,17231.618053622282
2003,4.9,105649,20412.150671554933
2014,1.6,152531,16267.306936714114
2021,1.8,168515,18779.945386903695
2001,1.7,178388,3024.7305483923706
2014,4.6,141949,30544.303022369153
2007,3.6,44553,22443.22806075465
2007,1.6,140994,9476.968301867752
2016,2.8,127778,24633.753288324708
2011,3.5,122018,25059.863371316118
2018,1.3,140758,20104.22347670693
2009,4.5,37766,30316.280888332574
2008,4.2,37006,25406.158623916846
2004,3.0,36422,16095.88199910752
2005,4.9,121590,23277.206228376705
2019,2.7,17205,33803.19338879019
2001,4.9,159599,16607.27707732505
2023,3.7,154515,33028.36895913973
2012,3.5,152596,25566.901258534854
2005,1.7,121477,7217.552977244546
2004,4.5,33202,23570.436219466792
2000,2.7,182214,5942.592056788294
2020,1.6,66692,24553.13143408083
2021,1.1,25855,22428.051673132868
2020,3.2,196444,28259.628165614748
2005,3.1,30095,17501.171358601452
2005,3.9,174796,15847.371196779151
2022,4.6,54241,42151.67177242528
2015,1.3,108119,16554.252346939724
2003,3.9,57003,15267.70185487067
2010,1.7,99837,12837.95104240153
2023,4.4,99283,42285.5241202314
2022,4.3,152044,38428.69103978331
2008,3.2,128805,15577.169236719357
2022,3.8,98846,37898.896485423626
2002,2.3,27927,10580.790491148831
2018,2.9,125589,25471.485481225434
2007,4.3,120657,21823.181267081498
2004,2.8,71630,14636.107419410817
2003,2.4,109428,11531.332912581724
2023,3.0,127035,32177.419072058223
2005,4.3,188419,16826.78647935231
2001,2.3,131244,7872.42246607643
2019,1.7,74518,22168.77721953257
2010,3.8,181355,19777.8151130641
2003,4.3,86326,22175.26245675506
2014,1.4,148277,14644.762423581145
2005,2.0,125243,7805.242045110173
2021,1.6,17748,25086.686466799463
2016,2.4,157169,20763.266381589623
2023,2.8,139164,26884.44959619402
2005,4.0,58311,21659.44727061767
2018,3.6,27692,36973.29679847334
2001,3.5,129954,13195.817292603699
2014,2.4,159934,13955.992043975664
2010,4.4,135035,25649.153008680634
2007,2.9,84507,16636.31017079481
2018,4.9,85152,35694.9651985491
2012,3.5,9926,29673.742591604205
2011,1.5,8969,17068.074302418543
2004,3.7,40733,19492.281922721002
2005,2.3,74855,13005.34023685344
2021,3.7,46743,35911.08093819703
2003,1.3,135193,2931.821667733126
2018,1.7,175948,16515.95022074013
2019,4.4,112445,34300.82707875492
2000,1.9,25323,10219.709538591056
2019,4.3,21428,41617.94327276055
2016,2.1,39578,21103.791505714747
2011,3.6,91486,25919.845687693105
2014,3.8,69140,32340.18200925221
2000,3.1,112325,12998.503634807152
2013,2.2,88829,20599.309451770238
2005,1.9,11364,11817.004284512204
2004,1.1,133867,4066.6116806950686
2010,2.2,171421,10690.445289568166
2003,3.6,136763,13475.91966768669
2012,4.8,100598,31736.264314089636
2010,4.5,181968,21792.08130676252
2002,4.1,62062,17104.099386564434
2000,4.2,149933,14434.896636981644
2005,3.7,93302,22569.34840862463
2017,2.0,68928,26040.068660958925
2023,4.6,46347,45097.02237010019
2009,3.7,8121,29052.32087117947
2004,3.2,88793,16835.78899436383
2022,1.4,33164,28241.600458818786
2009,2.8,30491,23272.685679197293
2011,2.8,64222,19052.173815891958
2001,4.5,159237,15937.120598885826
2012,3.2,8748,27400.70358751231
2007,2.5,31553,18080.155662289126
2001,4.9,121547,18499.905570506424
2019,1.4,65380,23771.975689548464
2000,2.7,49331,9397.593980624786
2004,1.2,125617,2651.4401412159314
2008,4.0,44560,24464.240172695798
2016,4.7,58865,38284.64327453974
2008,2.1,182758,9338.652993581614
2010,4.4,80910,27032.835320406473
2014,2.2,140747,17215.79060996764
2023,4.6,82986,41858.46123336081
2005,4.0,15068,27490.949837739707
2022,4.2,59460,37553.95932730666
2002,1.1,105766,3562.719995359571
2016,4.9,51418,38872.82467606202
2004,3.9,31206,20173.76920310645
2011,2.2,133180,18274.746580309373
2017,4.3,5287,39314.210901761355
2013,2.1,27337,21117.683393540487
2020,4.5,156738,30944.27334810748
2023,1.5,137233,24096.643668998222
2010,3.8,105667,23627.158830488035
2008,3.2,95071,17185.024137467764
2001,1.4,103064,1000.0
2011,2.0,174823,13995.86973423901
2002,1.0,111511,1000.0
2002,2.9,150830,9587.065510146072
2000,2.2,8178,10216.226049378278
2007,3.4,36831,23152.75965670688
2021,2.2,138248,24498.989980279595
2007,2.2,108306,13171.24993052063
2010,4.0,169726,20028.15031094258
2008,1.2,162699,5766.640167653262
2004,4.6,188622,18547.067756301487
2013,4.4,117025,29450.49374255094
2002,3.7,180982,12211.513684803089
2020,3.4,95417,30373.307401096707
2004,4.6,194323,16102.500876230295
2004,1.7,171494,2778.620321568109
2018,1.3,16984,23097.820488826495
2013,2.0,94312,21001.56573923566
2003,4.2,197458,13418.742488928598
2012,1.1,88291,10798.331080469
2009,3.3,12135,25976.541375701185
2017,5.0,5320,44427.28686286896
2007,4.4,157756,18589.776296295382
2007,3.1,191985,16846.37150943618
2006,1.3,93774,8641.653204646143
2007,4.3,157961,22669.731578136783
2013,3.4,103071,27780.593270086632
2018,1.5,184971,18196.685285415482
2005,1.4,146842,4436.828805984635
2000,4.6,175393,16665.74628838283
2022,3.7,114863,35266.049539741834
2014,4.3,46777,35342.11944981528
2000,4.5,51250,22337.250967561366
2016,3.3,78034,26416.506820054463
2000,3.1,109940,11591.602263954013
2014,2.7,45130,24879.716162973258
2022,2.3,185418,24505.481273568028
2001,2.7,138609,7823.735497685595
2013,4.1,20216,32663.140435150715
2020,3.4,89149,35589.60062445808
2007,4.6,8009,26866.654746211872
2007,2.8,94904,12810.113286260428
2018,3.4,165399,22863.469856668853
2006,3.5,150281,18124.23852787183
2018,3.4,184515,24227.37501626468
2005,3.8,20029,23262.922939029773
2005,1.9,193069,4617.115751750841
2002,3.0,107171,9868.699718720041
2006,1.4,119456,8730.154475111398
2018,2.5,67559,26867.12406356523
2007,3.0,69892,18029.92984592323
2009,3.6,75409,23695.292615480503
2019,4.8,144707,37206.19416967643
2014,3.4,38065,27178.797512931105
2014,4.0,125544,29468.636694666573
2000,3.0,112340,12282.707039546698
2019,3.5,38783,31708.605262477646
2006,1.3,39152,11098.997958255663
2003,2.0,63741,9203.105575285346
2005,2.4,112049,12796.01116144028
2000,2.9,187574,2687.981574946297
2004,1.2,34092,11553.27645128715
2022,1.6,153725,19097.960387141862
2000,2.1,176541,1184.3881204469308
2003,4.9,91483,23794.44215199072
2021,2.3,126585,24798.07630613035
2001,2.9,64754,10575.496903085925
2009,1.8,166050,10141.971273261048
2004,3.4,92592,16525.91983998216
2009,2.1,99543,14534.726338830298
2000,1.8,48169,8308.927022931251
2021,3.1,184359,26493.104613143958
2005,1.0,59745,7651.935299590009
2012,1.0,115168,10228.394383448369
2014,1.9,118985,15852.091028341183
2003,1.1,10543,7403.332743019963
2012,1.4,192464,8379.269625612736
2023,2.4,26067,32799.042397674435
2019,4.2,56033,39529.00483560432
2023,3.3,50256,36478.99309192889
2014,3.1,158263,20261.036655440268
2007,2.2,91803,13466.00754809598
2004,4.7,123843,21516.305878256815
2014,2.6,33992,22926.63754081186
2003,1.3,53803,6213.037456152313
2011,3.5,114975,22073.881351802807
2012,1.5,199549,9178.261452583052
2001,2.4,149282,6986.956746075971
2018,3.0,31270,31709.843742325764
2018,4.5,198080,33051.87469477066
2003,3.0,141269,10913.229288222368
2003,3.8,12452,24929.57456076013
2010,5.0,46486,31754.149972536696
2004,1.5,19859,8967.925237669751
2019,2.1,163308,22429.205349553948
2010,2.6,167971,17329.613874930033
2009,2.7,37083,17888.243390829546
2007,2.6,72708,15970.61870357137
2005,4.6,116462,20955.33610982826
2005,3.9,152735,17148.95202598416
2007,3.4,98076,19116.23584699881
2022,2.2,24053,34488.11249525544
2014,4.3,147157,27925.340414250433
2013,4.8,166636,31417.768197940455
2010,4.3,94745,26132.549327962628
2011,1.0,195167,8094.613750210432
2012,3.5,74517,26231.47605627344
2007,1.2,157225,8598.52079736689
2017,2.0,141319,16980.02027437114
2000,1.2,146625,1000.0
2014,3.4,156883,26819.09456931677
2007,3.7,142207,16923.119813027293
2010,1.5,141645,9078.143283848276
2011,2.5,84267,17535.202829000293
2011,2.8,143261,20133.84191306745
2003,2.5,85077,8739.23477354975
2015,1.5,179718,13559.000824555322
2003,2.7,81623,11887.606356438924
2004,4.0,136004,19272.83116700887
2023,1.3,58687,25438.284675336712
2004,1.3,73312,7664.945158226547
2007,2.4,112615,11026.81765324546
2009,4.8,135976,30749.082077354404
2016,3.7,32564,32392.615350692584
2008,3.7,33835,24825.776969770734
2021,2.4,197659,26426.558717701082
2018,3.4,12697,33191.80445138958
2013,1.0,85165,17076.514685877235
2007,3.5,153118,16021.157651724077
2008,4.7,62823,29702.246367642518
2021,3.5,189442,27882.536719681404
2010,4.5,14615,29057.17710971053
2022,3.9,141132,35272.58870108123
2000,1.5,135499,2004.856801967065
2013,4.6,81436,29296.428515347525
2004,1.3,196591,1000.0
2020,3.1,125562,31623.417923073815
2013,1.6,76117,18394.38790159322
2003,1.0,197230,1000.0
2021,2.7,39782,31315.84859673109
2022,2.2,83533,32719.83865026955
2000,2.9,194327,1889.7858603942836
2021,3.3,77684,33497.4028511828
2022,1.2,192990,15421.106252612111
2018,1.5,84558,23901.729289688563
2007,3.2,86422,18664.652775583327
2014,2.4,161328,18289.948169538868
2020,3.9,166077,36733.93461925522
2014,3.6,11638,30231.154648527212
2008,4.4,42419,31376.201828117068
2020,3.8,38377,36299.686171183625
2008,2.7,111244,15470.775084830202
2009,3.7,179188,23816.950513241198
2019,2.1,172706,20542.51924547665
2020,2.2,28382,26832.157191409504
2008,4.2,192135,19957.087576252623
2002,2.8,158466,7731.226349665992
2019,4.2,72789,37094.74168346772
2010,4.3,115634,25451.10441334446
2005,4.4,136936,24584.28923240953
2001,4.7,104572,20384.871677671872
2006,2.7,176294,8535.370744548363
2017,2.3,149738,21262.19360404771
2001,3.3,128664,9467.54035166592
2016,2.5,157027,20153.222314994095
2010,3.4,115674,19395.418578866353
2011,3.8,108533,28787.587046412045
2018,3.8,86845,31274.980769643556
2021,2.5,74590,31145.628703988274
2023,1.7,132775,24214.291156246745
2006,2.7,71471,13609.62365485442
2019,1.6,48298,24980.39860579901
2005,4.6,199180,18842.383674171415
2020,2.4,53924,30421.053065509026
2023,1.6,152781,18116.511690918116
2000,1.1,14726,2294.0085726618177
2016,3.6,196896,26070.309438043765
2010,3.5,45542,23375.686074782418
2021,2.4,156317,25590.038100620222
2017,1.3,39753,18996.300609542428
2020,2.6,84788,30223.80220431688
2016,2.2,26316,27546.73919199115
2006,3.7,89698,21478.91981234473
2016,3.4,20960,34017.11362470719
2019,2.5,35791,32838.25028979906
2008,1.9,30216,13641.05173678205
2016,5.0,168539,30995.706137697274
2019,2.8,69427,31323.73714060759
2021,3.8,117470,36386.93954367496
2021,1.6,198119,17745.364092856147
2007,2.9,78290,16097.727869348832
2016,1.1,52014,17594.873020138988
2006,3.0,140150,10782.310071912108
2000,4.9,55519,19181.22763565185
2012,2.5,9042,21553.314709939696
2022,1.2,54052,24709.203052388733
2018,1.1,19389,23072.22303166791
2023,2.6,100961,31818.895663284744
2018,1.6,73111,21327.32549344864
2016,1.1,110058,15029.125767438241
2012,4.0,98715,27311.572990302524
2015,2.8,55733,23221.320885701145
2007,2.2,39754,17931.181064166176
2018,4.6,154696,35835.97055802854
2017,1.5,90886,18704.538724623922
2000,4.8,162753,15065.47768130244
2013,2.3,94524,22260.424449690337
2018,4.6,86006,36453.596818020196
2014,3.4,29704,30691.29089190326
2017,4.3,99913,33319.739212398454
2001,4.9,99108,23657.214776960547
2021,2.2,12493,32355.509256502988
2016,4.8,74639,37363.361543838386
2017,2.6,59383,28163.46307746717
2005,2.5,139066,9436.472527344577
2018,2.4,52234,26461.82172615493
2003,3.2,183363,11370.34127911995
2000,1.6,133674,1569.1256588672343
2007,3.2,10594,20115.077984376454
2022,3.2,12371,41127.65884924956
2006,4.0,52315,25340.3937345942
2002,4.3,132251,16962.70264769004
2009,2.8,84526,18226.69803640007
2009,2.2,152698,12762.451715060164
2018,2.0,91005,24484.790198314855
2013,1.8,110573,12405.348528659903
2001,1.2,143202,4064.5994189715075
2000,2.4,142900,3275.2313816661604
2022,2.1,62514,29370.488734022485
2022,4.9,188736,37132.933765558286
2017,3.2,153955,29295.9504373777
2006,2.4,179131,8867.20231798661
2007,3.3,179004,17726.814588707257
2000,1.6,197341,1000.0
2022,2.8,80986,30026.930275588104
2002,3.5,90959,15221.464936205608
2023,3.0,7035,37411.232556570176
2022,2.6,114767,27093.509030191544
2007,5.0,176817,23874.595538944486
2021,4.5,22241,42432.15549969971
2014,3.5,57975,29714.09341091708
2004,3.3,159226,12925.40555919663
2002,3.5,161697,10112.944205971859
2018,1.8,181022,19485.56798458063
2000,2.6,61396,8681.403439492842
2014,1.2,123920,7604.658954433458
2007,2.9,149403,14287.155895908432
2001,3.2,199999,5891.90254553202
2002,1.9,91226,7702.96100879327
2023,4.9,89719,47011.793471879435
2013,4.6,68014,36654.77938629611
2023,3.9,44346,39952.45415555632
2013,3.1,75411,23076.41965750789
2010,4.5,190550,24141.866563835843
2015,1.5,148326,14343.248816267293
2003,4.2,191806,15193.253044693884
2019,1.5,164693,16943.62847554629
2004,4.2,81441,21429.334832045504
2021,2.1,51121,27320.001695413048
2020,4.5,65197,41608.65683206294
2013,4.8,89577,31341.194618494777
2022,1.6,99634,26340.50507146994
2015,2.9,178503,18045.31543362896
2017,4.9,105211,37801.79771322138
2006,2.9,140909,11521.781861463598
2009,4.5,185066,22769.053613949014
2006,3.4,148687,17612.051946695974
2000,2.5,6466,11776.734202886442
2022,2.1,35771,28653.116178508135
2020,1.8,88886,25549.325014271843
2018,4.0,70911,32772.4872020269
2015,2.5,156818,18850.60880160554
2018,3.0,93422,28859.825318991458
2003,3.0,196811,10880.802072215409
2017,3.3,78369,29634.656707598937
2001,4.5,6893,23201.065019690246
2000,4.9,35573,24196.375787245703
2014,2.6,101907,22005.393793345997
2004,4.3,176946,17923.760399665793
2019,4.1,104956,36409.26709212589
2010,3.3,123580,19665.525699464
2009,4.8,169439,17978.028732173087
2001,1.8,157271,1000.0
2002,1.4,96404,6597.1640216706055
2022,4.4,62724,40796.270437204694
2022,2.8,91133,30765.0894581442
2011,4.4,172477,26709.719986406417
2019,4.6,20989,40747.90016754021
2004,1.2,33931,4118.383588501689
2004,4.5,14290,22774.895877983312
2005,2.8,174439,11115.346041633811
2008,3.0,126136,16559.41811681055
2001,3.5,84878,17165.412957658442
2020,4.7,95477,37259.61263239165
2011,1.1,131299,9316.048475992411
2002,2.9,166205,6420.743853879961
2019,3.8,110686,31424.511644639097
2021,3.9,163124,28559.992197492753
2011,3.8,112286,23614.330671898937
2023,1.5,45475,28122.512272460197
2016,2.2,87666,22344.038315068632
2009,2.4,101622,20218.00652746562
2023,4.2,193728,37980.56915435396
2013,2.1,140705,14962.95105807783
2022,1.8,153376,19243.32661069481
2016,4.8,112573,34172.94929413689
2017,1.0,51546,20175.720276341242
2018,5.0,12008,40678.63185323433
2016,3.7,53291,30213.498732148553
2013,4.3,163477,29491.259938625066
2008,2.2,41386,16415.59685770939
2007,1.1,95909,9029.050371391477
2001,4.0,156899,11294.43860429111
2012,4.3,38040,31484.119082550413
2006,4.0,65354,22059.623292730972
2008,1.6,83543,10472.103522393423
2021,4.0,23157,42152.75082304339
2021,4.1,40315,36706.49598073397
2010,3.6,40932,26553.513651022582
2013,4.1,157236,24927.956689019004
2003,4.4,150486,18305.34896407175
2012,3.5,150399,21296.896735563285
2001,1.4,118880,3790.3861238378786
2022,3.0,137018,28269.694803495695
2004,1.3,19693,11830.456383350624
2010,2.6,32241,21330.34461065116
2005,2.6,120194,9333.294941969752
2017,1.3,100790,19820.930911805648
2020,2.4,151612,24021.7005129647
2009,1.4,77255,8721.574147720912
2003,4.2,177275,15801.18616751774
2008,4.8,161153,25955.541430555397
2005,1.3,197933,4167.6214807202605
2001,4.8,16350,23425.796234800466
2016,3.1,191584,22211.436110651473
2004,2.2,61809,12010.622685585822
2005,1.3,106894,9134.905263142706
2011,3.0,102557,19251.17283525337
2022,4.2,178904,33125.48109559092
2020,3.8,164441,29108.509381100383
2009,1.2,36728,10265.298953774227
2021,1.3,22576,26866.774362104166
2020,2.6,165073,27948.946663555173
2005,2.2,88384,11183.831082969877
2007,1.9,5390,14466.70675691373
2001,2.1,50436,9351.919404464137
2011,4.2,16569,32349.786357545312
2012,4.7,149101,27732.223725126856
2020,2.6,27490,34432.57066390835
2006,4.6,50875,24831.526211424956
2009,2.3,10867,19382.710726975274
2012,2.9,85820,22800.975809685922
2016,1.9,104515,21060.177505235653
2020,3.6,14121,37388.406184596315
2013,4.9,6539,34616.210155285706
2001,3.4,153099,15021.072808412659
2021,2.4,132402,25907.9601699078
2010,3.6,79229,24259.085037169312
2000,1.5,144993,1483.8721863459602
2018,4.6,55435,36955.23927470094
2020,3.0,146382,27794.752841741552
2003,2.8,68965,12197.369524693411
2018,3.3,116048,29528.70148294846
2020,3.5,101444,31875.754702888862
2010,1.3,74922,13291.337054609336
2007,3.7,102799,18266.975307028795
2010,2.0,98948,13394.767131987588
2003,3.9,148314,12354.018646286395
2016,4.3,13947,35381.58984134759
2006,4.2,197888,11958.551512603719
2007,3.2,53785,19696.549588624348
2002,3.1,124963,10183.369456074146
2021,1.6,5507,29026.47192725014
2001,4.1,163223,13428.065448868578
2022,2.1,16618,34183.25953696214
2014,3.0,79286,30224.320369548223
2023,2.1,21122,34718.97802630127
2021,1.5,143426,20422.484821249825
2021,3.5,114598,31783.31850058022
2004,1.2,167051,3384.776084711429
2023,4.0,91436,35061.51061085433
2000,2.3,188846,1427.2941476730412
2003,1.0,141109,1000.0
2014,3.0,33633,28486.612969637623
2019,1.2,29495,24752.98269228156
2018,2.1,69550,23533.37891921394
2002,3.8,41483,18097.10467658963
2019,1.3,118181,20481.158509665413
2010,4.4,39069,28448.70868816247
2016,1.0,143442,16240.136869548565
2012,2.0,124873,16974.70046688048
2010,4.0,121843,24250.869096389684
2001,2.3,76947,9434.531196561838
2008,1.4,175205,5305.968766118401
2001,2.4,100761,6709.367155624763
2020,2.1,118753,23712.905567722555
2008,4.4,136764,24161.7333845197
2008,2.3,33926,18205.729961417306
2007,4.2,104782,21915.47108061458
2016,4.6,109700,35014.16348661531
2000,2.7,78984,9202.907155327692
2010,4.6,179462,22640.278508821666
2007,2.5,54593,17279.03301859704
2009,4.9,80609,27443.490976754325
2006,1.4,10209,9115.102500128596
2002,3.7,131700,13904.790848869472
2002,3.0,142605,8554.922412578233
2017,2.6,91597,24911.841294660302
2004,3.5,12211,18955.984163711102
2011,3.8,14927,31671.514279405143
2011,1.0,122333,8560.364512143722
2018,1.7,160666,17602.701243658383
2005,3.9,81382,21186.66653516647
2001,3.7,144005,9546.521403354634
2011,4.9,108780,27159.900453502592
2018,4.0,45696,36477.105671386824
2004,4.8,72616,23479.304739075662
2011,3.8,142161,21088.95978621169
2016,2.2,192620,18575.74634589464
2016,1.4,162195,13266.406681784014
2009,4.1,143869,21757.525400902152
2022,3.6,55013,35457.08906405497
2016,1.2,144418,15385.974372499646
2014,2.4,169744,20176.952385433546
2011,4.8,153725,23591.67014133577
2015,3.0,54556,27497.51537750129
2023,2.7,128723,31777.026883772698
2018,2.8,31140,29600.044505388454
2007,1.8,6184,13428.715251408228
2020,2.5,170565,24813.677054254807
2016,2.5,180220,21492.3070067542
2022,1.2,160918,21735.144355290937
2004,4.1,116361,19413.768675829655
2021,2.7,158267,26782.477475217285
2015,4.3,10606,34171.67488923139
2005,4.4,140028,21729.089900687883
2007,1.8,21555,16542.163626705016
2017,3.6,95385,27954.633362689467
2011,2.9,154762,18490.859455692982
2014,4.5,63502,34630.54775103957
2008,1.9,184921,10018.177544151013
2012,3.7,162419,22229.07076174556
2014,3.4,108844,23842.664851707712
2009,2.2,96321,14179.71764027191
2015,1.5,54056,17782.700283088077
2006,3.6,199923,13901.728669770035
2016,4.0,103234,30344.52920686262
2022,2.3,46850,35447.57284153742
2020,3.6,32843,38147.204284876265
2021,2.6,67320,32573.096133778196
2006,3.9,34793,24703.054981655456
2013,1.8,175588,12485.964706662964
2014,4.6,153929,28752.77008236385
2020,2.1,24627,28900.91140036676
2006,2.5,66822,15535.366545402267
2008,1.2,188320,5362.339620446896
2018,1.4,60798,21961.517255361043
2015,3.1,180188,20909.40304531373
2007,2.1,80318,12295.868739024032
2017,4.3,109186,30255.40248443349
2022,1.1,92902,25421.658330093305
2017,2.5,164629,25679.609136530828
2019,2.3,76334,29081.973561856503
2006,1.1,111719,3395.918748138507
2002,1.5,128099,4669.083139281783
2017,2.7,178686,23613.252603241628
2009,3.0,17720,22307.124602757285
2006,2.6,62608,16847.454479278058
2016,3.1,112449,24964.94393495476
2013,3.4,107828,27666.457989627477
2023,1.0,131613,22150.091844430626
2002,2.9,77095,10810.939017257902
2011,4.9,110924,31293.416196018676
2012,3.1,101452,24544.961346980497
2001,3.7,92593,15266.61330227175
2002,2.2,171964,5360.683383486536
2004,4.1,111975,18761.743141542403
2010,4.1,82242,24119.339093707535
2007,3.1,121041,16144.482483158985
2022,4.9,131202,40985.97926592712
2022,1.5,82606,25113.646264033527
2011,1.1,128769,11663.080853479181
2006,4.1,123542,19538.536877604834
2014,4.2,111438,28774.918345098344
2023,1.5,5924,31866.03999598781
2016,2.1,56322,24127.60503360609
2003,1.1,162550,1000.0
2021,2.2,76042,30265.51075201725
2012,4.1,51418,28551.628564098944
2017,3.1,198289,21131.6520819653
2000,2.4,105699,1056.152377871851
2015,2.5,95140,21635.062902845104
2012,1.0,16781,18778.383357844566
2009,2.2,141587,8776.064627655122
2011,3.6,122358,20978.259719541566
2001,4.9,41133,24321.487111780338
2022,4.4,102628,34378.86645221454
2002,1.1,81946,2381.3027729804708
2009,4.6,90058,29778.826431221492
2001,4.1,145167,18327.701603697977
2022,4.1,156542,35253.393131334065
2012,2.8,48129,21740.615963517765
2012,2.6,13531,22403.192522703437
2017,2.2,42038,26187.915938661805
2002,1.3,92939,4414.976642330198
2006,1.9,47674,16832.157520116496
2013,2.0,132572,18313.009705074404
2019,2.9,34831,31926.66297577698
2016,4.0,62174,32220.885493481164
2020,2.9,16279,39715.47341860442
2011,1.2,174292,9538.58959999179
2015,4.8,65610,34381.99657284491
2023,4.8,188791,37111.204152817045
2011,4.1,58051,26842.5405199938
2014,5.0,61652,31108.30094829922
2009,3.2,70524,22099.101982414646
2006,4.9,11470,33491.40843311463
2019,1.3,177870,13345.385595505391
2004,2.5,58473,13686.875191758036
2000,1.9,155952,1000.0
2016,1.8,49439,23571.055051139705
2002,1.6,19308,8689.939686550868
2012,3.5,96563,21951.740691164796
2013,4.1,40081,29533.74257210053
2023,3.3,186455,28516.648936031586
2017,1.6,14837,26946.786415974417
2003,4.2,188223,17175.368553860302
2017,3.5,123128,27720.904225774604
2004,2.6,172896,10810.806866902692
2015,3.7,169145,24696.382321207653
2000,2.0,117651,3464.1244830996256
2020,2.4,102624,26983.03568110235
2013,4.7,162371,28951.100557247275
2014,2.2,194933,14142.460414269997
2008,2.9,35063,20790.581484364444
2014,4.6,74453,34851.995011293046
2016,3.8,107166,29900.779278412094
2023,1.2,19506,28110.26580424864
2003,1.6,118604,6058.1604285615895
2011,1.0,31026,15782.112121717219
2004,3.5,163744,13187.568362774155
2004,2.8,174489,8327.187885843701
2010,1.5,57413,15007.756606948471
2005,4.8,70066,22308.772540353402
2006,3.1,195285,11315.10600899229
2023,2.0,55971,25258.33018337148
2013,3.0,163353,16480.766433127
2023,3.7,118978,31898.72830116658
2010,1.3,164163,10386.553484906102
2012,2.1,55494,19753.263631938647
2001,4.2,108864,14032.70195356733
2006,2.8,154682,13248.032086890713
2019,3.2,137151,30119.758958733037
2003,2.7,100386,12497.671112294749
2007,1.2,182823,3481.429743014828
2019,1.7,91126,23408.673236838735
2021,2.8,191504,27227.793066285463
2020,1.8,167023,19710.358324674686
2018,1.2,85863,19766.58384651565
2012,4.4,83291,29321.06391078714
2013,4.9,130659,27740.218294695027
2009,4.2,195944,22035.9363612886
2010,4.4,12235,35502.79372998802
2001,2.0,87733,4865.76075751762
2008,4.8,67712,30539.7604697726
2016,1.8,157545,15438.7624404768
2002,4.8,130849,19723.12563015413
2023,5.0,84823,46774.87454757955
2005,3.8,109215,17498.372029215778
2004,4.9,37230,26609.127171216252
2004,3.3,89573,12418.344006983845
2021,2.0,45644,27389.391312107535
2014,2.7,184736,14450.655355998586
2022,3.4,50203,37348.20623975
2016,1.3,71677,20579.425117903156
2008,3.5,161497,16981.880226858393
2002,4.9,128246,20659.473934513586
2019,1.8,89817,22857.68908949911
2016,4.2,74806,34740.79073174887
2009,4.6,47814,29868.223870250396
2002,4.8,75219,18267.72328839288
2017,4.8,185718,33594.06163618564
2017,3.1,175956,22923.11441083369
2016,4.9,100345,32941.99105758319
2023,4.0,105088,36867.73205531199
2002,1.6,74322,2479.7607029071205
2002,2.9,26650,12667.721377521913
2005,3.9,99242,19823.79922023078
2012,2.0,145262,15190.323372681132
2023,3.6,43196,39453.077668510334
2014,3.7,175521,23730.36973552699
2008,1.7,175733,6327.619753055977
2003,3.3,34709,17655.63172107887
2013,4.1,85428,28354.18510610423
2004,3.0,14943,15001.28680384963
2001,1.0,179312,1000.0
2010,1.0,181832,7687.482462338048
2008,2.4,26042,21874.48830410989
2023,4.7,48894,45357.85008823738
2002,1.9,142941,7440.345521984827
2008,3.5,197150,15813.277220269916
2002,1.9,61759,11896.802169405077
2001,2.3,110973,11060.326880657161
2011,4.4,49306,27067.761003927626
2009,3.9,113369,23274.536614265664
2008,1.4,191443,5600.710378175085
2014,2.7,156990,18802.2923688318
2007,1.1,33379,11814.881076302772
2004,2.9,125667,12298.900137283754
2010,3.6,139034,19577.40215921591
2001,1.5,149923,1000.0
2023,2.2,122626,30277.88915873678
2014,2.6,181819,18274.12619376535
2005,4.7,130180,23244.909496512264
2007,5.0,57349,28578.44379944182
2004,1.2,192428,1282.72802030323
2015,4.0,150817,25040.720939033643
2017,2.5,10730,27964.059001160414
2005,2.6,149993,10295.012782868142
2004,4.0,24023,20246.178158746923
2015,4.7,181421,27768.516562215453
2012,4.8,131796,30036.423537147784
2004,3.3,86533,16433.013832576064
2012,2.4,88286,21198.430849315417
2016,4.2,46979,33450.02796362968
2017,2.0,27837,25723.354452010484
2007,3.3,151069,14602.815178232342
2012,2.4,109975,19913.50709821865
2018,3.6,181111,29325.942232050493
2002,2.0,25923,11670.499654505606
2023,1.8,13876,33428.58855255316
2007,4.7,65973,27266.349725775723
2001,1.4,138959,2663.237669990351
2007,3.0,199795,12161.085485224921
2012,1.9,47422,17079.043866828466
2012,1.2,56413,15672.792777397213
2000,1.1,107484,1000.0
2005,1.7,138913,11232.607903137821
2023,4.5,33756,43144.023682449326
2018,2.1,76576,25961.275710897997
2015,4.8,123248,32812.77356094881
2007,3.3,15304,20267.573151928187
2000,2.7,35341,7935.903939870857
2015,3.3,140830,25956.527910148263
2008,3.1,153082,18944.58185354212
2012,4.0,132039,23928.442585579283
2010,2.1,196830,7345.114960880819
2012,2.4,167730,14963.17453515675
2020,4.6,185074,31872.065909522535
2009,4.8,137447,24827.018640275815
2003,4.6,104485,21996.49739945057
2005,2.7,27092,17044.473905194325
2006,4.1,136562,18012.884882235965
2004,2.9,8729,19240.55157252239
2010,3.0,142046,19231.444690151584
2012,1.8,123222,14164.78502791075
2018,3.4,90216,30765.033041836123
2022,1.7,88860,27098.00376615395
2009,2.3,101870,16258.706261966794
2009,4.4,26398,29761.328173931062
2010,1.8,39650,19882.67223645059
2020,1.3,157364,19797.16162603037
2006,1.3,108889,6154.191967004534
2017,4.8,8159,39702.71186460219
2003,3.0,103162,11725.727299726652
2001,2.6,198838,5322.3418944556215
2013,4.2,107834,27362.804879996187
2012,4.3,153137,24993.351821594388
2011,2.3,26638,23284.144776231624
2006,3.8,6073,25079.613924134777
2001,4.1,182583,14767.915254242374
2012,3.6,34320,29880.119746704684
2013,1.6,39924,16650.456341859874
2016,4.5,176806,29455.433883518595
2008,3.2,73116,22324.098079937085
2016,2.1,176097,15250.797869697977
2007,2.7,7159,20981.47164071735
2001,1.2,53940,4224.527052602512
2023,1.5,84436,22768.622515755225
2012,4.1,19678,31755.418609037864
2002,1.0,197147,1000.0
2015,2.7,183276,17000.896435767143
2005,3.1,148093,13113.631351645265
2018,1.2,142844,12996.094121493985
2006,4.9,72163,25543.269414830233
2009,1.9,159536,15625.548505005296
2008,2.2,56137,17493.594786813886
2001,2.2,166304,1921.950187665293
2014,1.9,66497,22983.481880200794
2004,1.0,105485,1741.6628784457323
2021,3.9,187520,30016.609693729057
2003,4.9,110468,19678.897180141423
2019,1.9,5901,28717.109757332044
2003,3.7,92980,19588.259244194258
2017,4.0,112594,29372.287534880288
2003,4.4,7881,20485.06392518182
2016,2.7,34863,29938.783349038837
2011,2.2,141694,18022.90100217536
2021,2.3,137450,21637.339067170535
2016,3.9,50201,33910.058682892886
2009,4.3,64251,27740.460704230576
2021,1.7,77572,24046.44939022449
2000,2.5,44255,7498.538666661534
2021,4.6,68212,42572.90069089311
2023,4.2,55210,41597.64106291439
2017,4.9,130629,35477.40291485345
2017,4.0,27499,34381.5112943336
2013,2.6,107552,19018.581591100086
2014,3.4,187700,16705.052917452107
2011,3.6,66360,25225.943940430243
2003,1.3,140675,5343.902758908445
2002,3.2,132466,9596.191159902693
2019,3.8,90473,30431.52061146652
2011,1.7,148704,12936.129132914002
2006,4.1,166679,19406.20999689267
2010,3.3,96873,20484.538078637648
2000,4.8,70756,19764.671070600718
2005,1.2,183066,2374.506234437516
2014,2.1,199454,14216.201062741346
2014,3.4,61344,29933.058671507963
2018,2.2,189847,24382.13515184844
2010,3.9,143421,18910.622889619088
2022,4.0,76154,40651.81026111596
2001,1.4,32464,6587.319402046668
2013,3.1,178696,22341.60187770832
2001,3.0,126897,11103.859022531358
2003,2.5,42344,13505.112919871422
2016,4.7,88791,36580.49588488207
2002,4.3,160371,14693.138457630406
2012,3.8,184047,20249.047155790293
2008,3.9,137534,22245.026231196698
2006,2.8,125209,12050.89310242099
2014,4.7,86441,34462.69518328313
2022,3.8,95456,36288.69516617499
2010,3.9,86788,20501.716697754848
2019,4.4,176653,31018.58509907412
2001,2.1,19175,11210.926390049244
2014,4.2,142263,27074.848672183012
2013,1.8,88434,12484.83577647563
2019,2.4,89518,29165.60025565232
2021,2.3,71537,29261.900102543223
2010,4.9,120721,29351.42858253961
2002,4.4,52645,20421.197695643514
2016,3.8,28283,34648.82937629332
2011,3.9,91971,29571.090289173408
2023,3.2,97759,32641.904032745286
2020,4.8,195195,37574.275410714145
2014,3.0,107780,24408.128131784015
2015,2.5,166096,17456.33450392627
2004,1.7,185702,7639.681275182017
2019,4.1,35734,38496.58047977787
2005,3.9,5515,25577.207337546082
2018,2.5,115782,24172.195790546484
2004,1.1,71727,4320.996709340965
2002,4.4,114164,18627.42648935158
2000,1.0,51216,5602.127446966657
2005,3.8,76833,19539.03037562862
2014,4.9,63755,35258.747508851724
2001,2.8,32856,16269.85694395917
2002,1.9,78870,6955.8463083915185
2016,3.8,160234,28008.85262233824
2023,4.3,142080,39150.701013479396
2011,3.2,12987,25957.088102246034
2017,4.9,198604,32189.475186399846
2014,1.2,101502,16247.105555362346
2011,3.0,139404,18227.969612911744
2015,3.9,71323,32565.380329979984
2007,4.5,175062,19652.927833089125
2013,1.7,14873,19406.174842079017
2016,4.2,172516,25320.117878359084
2020,3.2,171412,26422.475312197883
2007,2.6,110219,12858.044596259557
2014,1.5,10033,20196.60208749005
2013,4.5,78324,32807.78526382898
2017,1.6,20689,20514.201493249795
2019,2.2,114756,20312.858210825783
2006,2.2,5066,15248.541566697435
2002,4.5,119159,19464.510987173315
2011,3.7,181318,21011.829894039372
2020,4.2,12533,38843.22533417815
2023,2.0,120828,29297.416464312922
2002,3.5,64658,14950.28012976332
2019,3.3,43498,34250.00797225425
2013,4.3,114028,28073.027344931656
2014,4.6,16772,34423.84729801269
2013,1.0,94385,12070.61642377052
2006,3.7,185108,16712.600769627115
2016,1.2,194603,12991.900290285512
2011,3.2,17940,28039.205327553085
2019,2.2,123027,24570.622165074165
2003,2.2,21932,9681.061073651561
2008,2.4,192899,14583.879668617585
2005,3.5,197503,13375.188028116936
2015,2.3,29648,26046.943108776457
2021,3.9,37966,37848.02464100688
2021,2.6,163849,28033.906586601417
2020,1.3,168639,15881.834878799757
2020,4.1,153246,34057.35815532698
2001,2.1,47598,4960.833435505921
2023,2.7,195271,28090.867042700364
2007,3.7,149870,15847.399176721141
2010,2.3,153630,14372.48904085425
2012,1.2,66084,17410.48093349235
2016,2.5,180309,21129.984749000876
2007,4.8,136250,26636.263340235124
2020,3.6,22118,39135.79688729562
2017,3.7,27616,33070.63451418024
2017,3.5,136870,28853.160347615707
2013,1.8,12601,17920.116208116382
2014,2.7,30363,24607.977164111497
2005,4.0,7795,27395.5597765681
2010,1.4,102462,11106.826395147558
2012,2.1,181336,9697.19622665851
2000,2.1,107892,9132.797834662713
2005,2.7,77833,15732.85056633944
2008,4.9,8084,33624.75644061158
2007,1.3,100865,6495.810930156204
2010,3.1,5731,25781.56314105974
2021,1.7,137201,23155.09994177839
2018,4.9,164094,32652.33028675265
2023,1.5,6605,29830.110628953684
2008,2.6,82506,13873.764574433964
2016,4.0,49130,32850.080934248
2011,3.8,165337,23680.84251451964
2013,2.7,168402,16586.20348201583
2014,2.4,73469,26141.145672853105
2015,2.6,151259,17564.866974929886
2021,2.1,161863,22886.49930040881
2021,1.8,95436,23915.34007277175
2019,2.9,117341,27272.588337254263
2000,2.1,175939,4445.999564281845
2009,2.1,136965,10682.839007071807
2007,3.6,104694,18862.758938140938
2017,4.9,24773,41570.36150544628
2000,3.4,9239,16724.367559835304
2001,1.3,25863,6557.199898618006
2000,1.3,56415,1748.697320800885
2000,4.8,73968,20158.433056795006
2008,2.2,65430,17991.65690307905
2012,1.4,6515,15455.208033838042
2000,3.4,102206,10495.081698601945
2012,3.5,150677,18335.06674094933
2019,3.6,61240,35011.95139388748
2021,2.1,10586,33421.64109062894
2006,1.1,125419,4862.230025415914
2001,4.9,127374,17120.259970969404
2005,2.0,36186,11238.20709709093
2006,3.7,31928,22309.485584254515
2013,3.8,127990,24998.75590921695
2017,3.4,92029,31222.213557026742
2014,2.3,25711,22876.697931113973
2001,2.1,59962,9372.056676371718
2009,3.4,25039,24137.109941504263
2022,4.5,41561,40932.43608952032
2011,4.8,6577,34010.39787331805
2016,1.4,112792,18033.47676374196
2007,1.6,164422,8608.766779763404
2010,4.8,169870,25002.55362568302
2002,3.9,15785,18302.87373840446
2005,4.5,77227,25638.079606530882
2008,1.8,123680,9019.661233695771
2005,3.4,66957,19173.796335355066
2008,3.8,70431,23428.78466459249
2006,3.7,153369,16514.40981530756
2008,2.6,76894,16181.347399623986
2017,1.1,199844,13748.097560830927
2011,3.3,155653,12553.224785024977
2007,2.0,60192,16263.341016734073
2007,2.8,6462,18851.884451211932
2017,4.8,133848,35123.51381950129
2019,2.6,151583,25130.901235869856
2014,4.4,81106,34494.65476404164
2006,1.8,53665,12712.248271076138
2010,3.7,180486,17817.481638731908
2019,4.9,86010,35989.99002417806
2015,1.4,77573,17423.74369025405
2003,1.0,112803,1000.0
2005,2.7,124682,11008.928587378488
2021,1.4,18386,26495.43875933959
2002,4.0,129069,14166.71804394215
2008,4.7,59460,28610.547314729825
2009,2.7,142293,14913.141978161582
2013,2.0,159546,14367.326917342436
2010,2.7,120375,12632.948765925388
2017,3.9,117660,28027.589638628902
2021,1.0,157117,19429.463463709755
2011,3.4,96319,24792.56254589489
2022,3.5,121582,29743.34656404201
2011,3.6,140994,20320.863637531736
2012,2.0,158778,16205.030735198252
2012,3.9,47771,27675.372373189704
2018,1.4,57335,21910.268425749775
2018,1.8,57949,26986.160658031815
2022,4.5,100558,38748.94537711321
2013,4.0,151312,24424.96117962577
2003,1.1,107272,2822.3266188147404
2012,2.0,7716,25321.021595799655
2007,1.9,152646,9760.10367257896
2022,2.1,180138,23531.263255559534
2020,2.0,197898,19056.380088636834
2022,1.3,156285,21763.383856362245
2018,2.8,76916,29473.599539861596
2011,3.9,55906,25558.34298104906
2017,3.4,5463,35100.106383892315
2005,3.7,168045,14795.445426753138
2017,1.3,79694,19564.897269257213
2018,4.8,156723,32395.271994023362
2021,4.4,73694,38515.33594434218
2004,4.2,25008,21689.31546955434
2023,4.3,75474,38569.863659767405
2008,4.7,43185,30094.93044085356
2002,3.2,92924,12643.566869113783
2009,1.8,39980,13401.72466027517
2018,3.5,27504,38478.90529497676
2002,4.0,59970,16752.189921368128
2021,4.0,21766,42095.90592203866
2014,3.1,121944,20449.872716756396
2000,1.3,98922,2466.9046703355907
2006,2.5,147767,10610.529262762617
2011,4.7,153868,25548.48653728319
2016,3.3,178615,23962.73464753141
2020,3.2,150631,28592.969712658665
2023,2.1,169211,23414.519632635907
2019,2.5,125494,23509.822238426
2004,4.6,13802,23162.0715760112
2003,3.7,176277,13297.278768714103
2011,4.1,39159,27034.440345799983
2019,2.8,16516,32182.149913034365
2023,3.5,55492,38910.355968241434
2017,2.0,34086,25711.81006364811
2016,3.8,118758,27615.83740396548
2018,2.7,35480,31543.624822699938
2008,2.8,188163,11775.907043797495
2003,3.6,133023,11680.528481990015
2020,4.7,115195,37172.79499109345
2001,1.3,183838,1000.0
2003,4.3,43737,20964.321371179747
2001,2.2,14265,13043.114829940609
2014,2.8,119165,20501.0978695647
2001,1.1,124501,1000.0
2003,2.2,75990,8108.341968293495
2005,3.0,20386,20348.11907381606
2006,1.2,109718,6407.614859821595
2009,3.0,42425,19919.22610451205
2018,4.7,126635,34375.82931543779
2018,1.4,179326,9891.398024201942
2021,4.1,58634,40124.24472693329
2011,2.6,183734,14471.806721003384
2002,3.6,91988,10588.123697980205
2012,2.0,111337,13519.787117351838
2017,1.6,146215,16846.061874884792
2007,1.6,151653,4789.008481790325
2020,1.3,72443,24464.548647372114
2014,1.7,34424,21615.945771982308
2000,3.7,93844,14526.871887035737
2002,4.5,46984,16942.106129570588
2007,4.3,46505,25123.83317158621
2003,3.7,107478,14730.867098781886
2015,1.4,67699,16706.941091790824
2022,2.2,163029,24018.199437672574
2009,2.2,161536,9670.723585827875
2011,2.0,119012,15479.841465900436
2013,3.1,159721,22047.052708675543
2013,3.1,178137,20953.917476847346
2001,2.4,39758,10736.277496577039
2022,2.4,141668,30915.079392667005
2004,4.3,21374,26711.25022900102
2004,4.2,123686,18612.583592654897
2005,2.2,8775,14596.705579596968
2012,4.7,32388,36556.65432556384
2008,4.8,128800,27575.161365525466
2021,2.3,26029,28377.69559235154
2014,2.4,88981,23722.592638457492
2013,3.0,58639,24759.30293055214
2023,4.8,119010,39327.67693881328
2006,4.5,150717,17005.738281518676
2019,1.4,36105,23656.917610604396
2001,2.6,149740,6488.544829560149
2006,3.2,152032,17573.055308220435
2005,3.0,131519,15338.51761549737
2016,1.8,147429,16462.77655724793
2001,4.4,107739,18391.734788439473
2002,3.7,56796,19312.698845345647
2004,4.4,20804,25131.71477603443
2004,4.4,132732,18189.091681937593
2000,4.0,150698,11400.755087513107
2007,2.8,164204,13560.746140913903
2011,3.4,12951,28178.411131050096
2023,1.6,142521,23288.04076847291
2003,3.7,24065,15058.445589893321
2012,1.7,106503,12593.804545417417
2022,3.8,110072,36735.77784322423
2014,1.9,145202,11978.224005288248
2010,1.5,94360,15150.362032734429
2009,1.7,67287,16207.964522277007
2002,1.0,187774,1000.0
2021,3.9,173065,33042.612068457216
2013,3.9,167947,25160.199356717774
2015,3.1,142126,23159.953743267575
2009,1.6,112357,8634.37176482286
2009,1.3,184589,8205.095950123372
2011,1.1,34670,17580.96002276727
2008,1.7,54112,11377.218951515315
2000,4.6,93388,15508.089989660599
2004,2.0,94156,9018.60619048532
2019,2.4,164379,21528.6008087271
2007,1.4,52922,11643.798480410918
2010,1.9,199152,11958.388079720773
2011,3.1,98348,17091.259123455005
2000,3.4,84335,15945.79390323831
2021,2.0,31312,28621.06311624616
2019,1.2,71985,22424.30795730099
2010,2.6,135744,17450.25167620893
2004,1.9,193680,5286.682308395592
2014,1.9,105963,18325.666208059993
2004,4.8,176349,19773.67120357349
2011,3.5,36551,27250.494101210807
2004,3.2,94813,13998.784398441105
2016,2.7,192669,16350.439617125605
2016,2.7,106025,21760.37834446961
2023,3.2,129342,32324.42404100393
2011,3.8,181284,19362.186686207227
2023,3.8,14637,39699.15785522093
2014,1.7,48258,23685.60209137239
2014,3.0,171765,22129.539593319747
2005,2.6,145896,10201.048068180055
2011,4.5,134553,28116.41989131088
2019,3.5,31950,34061.9627888182
2017,3.1,159560,24743.446868372994
2013,1.5,132870,14739.757296837832
2001,3.4,5215,16904.038064456243
2008,1.5,110603,8599.348904925808
2004,2.3,16523,17121.71363693701
2019,1.6,73689,24543.775934396213
2000,3.8,28834,13049.078243414566
2022,1.8,39474,27690.028139936778
2002,2.6,48066,11034.155000611214
2005,4.6,15400,25987.723822375203
2004,1.8,130211,8214.25457751779
2020,3.0,15345,34271.16193600738
2004,2.7,38896,12775.94065828891
2000,1.1,33899,3038.6203260827688
2016,4.2,33229,36422.02529523238
2018,1.3,10583,23531.559968932488
2013,2.9,140969,19162.198097673016
2011,3.2,76537,23835.58855747706
2009,3.5,140639,22704.434978878155
2019,3.8,79807,34932.499665917036
2020,2.0,134648,25869.483026063397
2017,1.0,117652,14962.171564270193
2023,3.9,149401,35013.225777751875
2010,3.1,76792,21603.296030928635
2001,4.3,136300,15922.358168135383
2017,4.3,42052,37278.439212761834
2006,4.4,193841,16470.01175789044
2023,2.9,51032,36243.06537102696
2014,2.3,38686,20309.92812208957
2010,4.2,81981,24229.43667498664
2017,2.8,103802,30081.152202346464
2022,1.7,199333,19513.108521042246
2011,4.4,138881,27514.988701972405
2005,4.5,177857,22003.730784853913
2019,2.9,172619,20240.137842443048
2022,1.3,47818,28361.592360311417
2012,2.6,105422,21026.787212518542
2019,4.2,76927,39434.44456186608
2015,4.6,84465,31413.703676670746
2017,1.8,118221,22991.459313909225
2009,1.3,42333,11904.52113679462
2022,4.5,131457,40036.70562855332
2007,2.6,21576,18849.15792849112
2017,3.2,124875,28297.787612870277
2020,4.9,44405,42377.488366610305
2000,1.3,99000,1000.0
2022,3.6,36601,31928.861954112403
2007,1.3,72946,10272.531067966982
2005,2.5,57116,14116.729924737305
2004,4.2,109186,20337.141902840587
2014,2.7,67894,23600.99306831285
2021,5.0,170707,41500.80476543564
2014,3.2,12465,29837.824255656607
2001,2.3,61754,8518.404544834668
2000,1.9,97850,5282.226132693732
2022,2.4,114765,27404.40040623739
2022,2.5,97691,29801.310468227974
2010,1.3,43871,11871.489625528331
2009,2.5,198946,11535.529596280789
2017,2.9,34511,28818.745207929653
2017,3.9,85960,29956.52674926264
2016,3.6,184893,28706.821736145284
2007,3.8,70776,20293.729260119668
2014,1.0,49462,16540.828446883876
2007,1.9,197454,5021.683930102485
2016,3.6,37574,32715.37894175975
2011,2.9,107072,17597.629731062167
2007,1.0,177982,4781.613647871101
2013,4.2,161258,30009.41237271768
2003,4.1,158885,13876.67152579866
2000,3.2,83282,14269.83772536264
2000,1.3,114779,1000.0
2018,4.1,23557,40333.732242152175
2015,3.3,164132,27670.397972191982
2013,4.1,194938,23285.689976583082
2020,4.0,77104,33104.2678382107
2015,4.2,142152,30788.56877487218
2004,3.1,149926,12452.534415888233
2008,1.6,127013,10652.93233555528
2001,3.7,163097,10665.459916311269
2017,3.5,189054,23278.3143626786
2005,4.0,46081,25016.64636193395
2008,1.7,140440,10117.579989112066
2000,1.8,124181,1000.0
2008,4.6,32094,30769.050446405785
2015,4.0,182112,26866.737195933
2012,4.6,71766,30761.102151352872
2008,4.0,88053,26836.97646848464
2020,3.4,160063,27760.50367530547
2012,3.6,6301,29346.977003690317
2008,4.6,164682,24303.1961759364
2010,3.3,86463,22330.375900661442
2003,3.5,170750,9193.653691283127
2001,1.6,29466,7894.298745986859
2005,2.9,176947,9823.870416069534
2013,3.9,31081,32659.942489832527
2003,2.1,29354,12334.736687990278
2005,1.8,98297,9274.165306094781
2018,2.3,23300,26238.497672561898
2005,2.0,69384,11070.749384171988
2001,1.9,100027,7438.8521880253065
2017,2.7,126684,22612.727310917257
2012,4.6,65892,31640.299553824574
2008,3.0,40525,19100.857896701982
2022,1.8,162604,20502.11471789666
2018,1.3,11464,23757.081910021294
2012,3.8,21562,30269.50232975468
2010,2.5,112392,20868.12587846519
2000,4.3,60514,17563.37923230758
2023,3.6,118428,34978.26146473223
2021,4.2,117564,33621.65296405815
2006,2.1,113047,12072.130029813827
2020,3.8,37634,37914.48955870656
2014,2.1,5060,27223.789355382858
2000,4.8,14269,25509.794303017417
2011,3.5,199215,19242.063337684565
2006,2.3,28065,15156.6070008226
2014,2.1,7895,24514.58687578012
2020,1.8,85859,24485.023075736477
2018,3.8,148424,31485.59506647596
2000,1.9,185809,1862.0129799249357
2016,3.4,109127,26950.81911269049
2016,2.1,101426,18504.712440346244
2002,3.6,168088,14262.37460044085
2011,4.3,197376,23794.947913646407
2005,4.1,16962,24012.919858854664
2010,4.0,38302,29170.646696207343
2002,1.8,90382,6630.622612500058
2007,1.4,9011,16186.685852438948
2013,3.8,134716,21404.639536389946
2013,2.5,24782,23466.518066973138
2009,2.7,125654,19415.409030957377
2001,1.1,175797,1000.0
2013,2.0,14196,25835.413336628415
2008,1.1,48459,8633.43581367307
2002,4.5,92245,22032.143431876975
2020,2.0,83863,27831.298846907663
2007,3.2,128206,13226.242929342332
2015,1.2,106010,15108.495420933832
2001,3.7,37769,17398.49178961183
2005,2.3,112529,7634.437942465188
2020,4.6,29700,40965.79534695912
2011,4.6,10269,35232.91628155721
2004,2.3,126631,8386.60388095052
2001,4.6,48880,22040.266311348052
2015,5.0,119003,34548.590565455306
2004,4.3,144392,18256.11317772247
2014,4.4,54589,31860.185951949145
2011,2.0,40897,20272.7779497678
2003,3.3,194637,6594.082476948017
2014,1.3,167002,12167.076277016366
2010,1.4,193305,10105.722681036177
2015,5.0,19380,38136.25350031757
2022,2.3,75934,28248.657556995444
2005,4.0,60830,23409.532277550756
2013,4.2,10529,33800.41352117427
2017,4.4,99598,35510.99456411386
2011,5.0,87987,31677.646971390546
2010,2.0,54178,12514.515098497639
2012,1.2,143009,13209.376820851397
2020,2.6,126952,30792.452764956553
2022,1.5,44886,29823.782013672575
2010,1.1,54699,5687.33454986048
2022,2.4,81396,30832.376425011134
2015,4.1,95678,29782.608378849905
2014,3.3,30279,26817.562492776582
2020,2.3,174178,23036.564323276543
2014,3.6,115776,25913.30541020056
2003,1.9,106444,8195.115608559681
2010,1.1,111300,10048.160378610908
2018,4.1,118793,30318.725786222043
2014,3.5,121278,24282.896446514056
2003,4.0,176616,12693.282887349967
2020,1.2,108247,17154.68364651111
2012,4.3,13997,30056.860712092235
2021,3.5,111102,32522.76266022961
2018,3.3,90711,32811.95815061456
2001,3.5,121045,11376.63584060241
2013,4.5,45860,31692.13845049442
2003,3.3,8225,16726.176386654348
2015,3.3,115114,25805.3729899907
2020,5.0,195542,37581.41866922026
2019,4.0,118218,37094.46553281718
2013,2.8,105764,22282.598753443373
2014,3.8,112041,27677.93748527287
2002,2.6,117224,8051.853785492913
2007,1.9,68656,12314.066757017978
2015,3.4,187952,23860.75018210141
2009,4.7,197150,22012.749335873843
2003,4.7,81290,22110.935105665172
2017,2.4,61633,25867.65545049915
2001,3.1,31655,13735.593778185048
2016,1.8,126118,18544.141481844897
2012,5.0,179673,23977.537742418397
2003,4.9,8114,28191.971766036924
2010,3.6,31502,31128.44367794411
2006,4.2,54768,23157.512769673867
2011,3.9,53128,28591.274290003337
2009,3.4,156100,19898.152640492368
2006,1.2,191637,4978.580545434923
2012,2.8,88123,21065.20702251964
2006,3.7,113255,15230.61549262256
2023,3.7,171405,33464.21390169753
2016,2.5,8174,28348.557381308852
2009,4.8,122769,26170.217250647995
2009,1.7,40398,15213.075754231319
2023,3.0,172001,29687.31089003546
2003,3.8,140393,15703.8739842077
2019,3.8,128549,32212.169420479833
2003,3.6,191493,10989.978680997743
2021,2.1,77635,28386.807669971902
2006,1.6,28760,11991.938303450275
2021,3.5,147432,32412.45100307064
2000,3.4,146385,8425.864329046999
2011,1.7,135674,12862.416384299124
2023,3.8,141873,31658.87283576554
2012,2.8,19130,24303.679061085706
2009,3.7,150343,21117.827442259957
2014,4.3,152147,25825.180266583866
2012,1.7,112215,14249.049047299834
2022,1.1,155056,14937.060900179582
2021,4.1,93095,34109.10178293602
2021,3.4,65942,32489.950887772196
2020,3.8,148933,31756.852101543274
2021,4.4,103970,38468.318024785425
2008,4.2,87203,24527.738868119603
2008,4.8,197319,21368.863234225242
2014,3.1,157049,20889.346503302506
2009,3.0,186689,16097.641498080988
2023,2.6,193545,26748.389693766105
2009,1.6,93177,11673.258807389275
2007,3.3,77902,22191.49899048252
2023,2.1,97172,32541.3500819922
2015,4.7,151702,28423.41509953266
2016,3.3,25056,32292.220140421025
2004,3.4,143454,20007.07921537277
2003,2.4,60739,12523.461082100388
2017,1.2,86685,18896.635272328553
2023,1.1,53639,25706.582120212774
2018,2.7,195910,22684.86303498148
2003,1.3,182113,1904.1483330997662
2006,3.4,5992,20210.866251661635
2009,4.5,77394,27577.332743422343
2017,4.5,72657,31328.154271005184
2018,3.6,32160,33973.366766757
2003,1.8,50156,7686.822812355855
2009,4.5,187447,22806.00515827097
2000,4.5,91442,14615.13894571795
2022,1.8,155644,22193.16537908181
2017,3.9,122925,32286.838501041224
2004,2.1,9136,12690.5336971115
2014,4.2,66868,27846.728445164226
2016,5.0,87263,37151.91630625797
2002,1.1,37167,4468.592013814728
2011,4.6,115957,27830.37912785421
2001,3.5,20479,16016.310827074814
2000,4.9,124392,22229.19348896006
2022,2.9,167448,25011.454528292972
2020,4.4,140895,40622.241223788544
2016,1.2,24585,19989.476938497297
2021,2.3,153344,25199.69315243627
2015,1.3,31619,18769.45716479103
2004,4.9,80069,23263.28288028909
2014,4.3,44895,31685.590193134733
2002,4.4,8720,24766.51592408727
2006,4.8,24267,25965.05061274589
2010,1.3,151768,9639.817088485335
2009,2.5,166040,8829.014529896383
2008,1.3,58364,12128.857542283527
2013,1.8,159417,15727.435211864382
2012,1.9,56567,16122.611785385263
2001,2.9,96229,12046.035203437486
2002,2.1,197679,2718.8208212486425
2006,1.4,155457,8424.002910715679
2020,1.7,83518,22613.68723537782
2017,1.6,87844,26239.77180744546
2002,4.9,168991,13268.885691349522
2009,4.0,95697,23556.14239872775
2021,4.9,62196,38993.06057875413
2006,2.8,120600,17672.108353699532
2008,2.1,105625,12695.348012368328
2016,4.2,136567,29828.279845261437
2010,2.3,49755,19898.726196170424
2006,2.2,38324,15074.189627345424
2023,1.9,83929,27116.02688719733
2013,1.5,137624,11105.505498741903
2018,2.0,56272,25523.42680466686
2003,2.4,171925,7161.4172653789565
2005,3.7,168996,16440.954472803456
2009,1.3,79462,15352.353700613045
2006,1.8,159961,2654.412191172016
2012,4.2,59675,29880.815605294592
2013,1.6,78591,19453.925671642857
2003,2.4,158706,6815.655151122271
2007,4.5,37363,22955.505092613457
2004,1.6,199824,1000.0
2000,1.3,82004,3056.939699354639
2003,2.9,192470,8460.894589766682
2002,2.2,45718,12059.139396682041
2008,3.3,118627,17006.632112903633
2007,4.2,31870,26926.266469838596
2000,1.5,42394,3488.5733842073496
2005,3.3,57057,19167.065987287384
2008,3.0,84795,18866.67439420708
2006,1.6,85409,8087.829959674191
2003,3.5,18016,22715.567261525375
2012,2.1,47137,16731.87809967523
2016,3.0,136225,23905.508033978946
2001,1.3,143925,1000.0
2004,2.8,17379,20799.45407171255
2011,2.2,151864,15603.596015240837
2020,4.3,126169,33892.92924925922
2007,1.2,174439,3718.619421359254
2005,2.7,154172,14513.914747961058
2007,2.8,131082,12553.348736539938
2017,3.9,118089,27066.65365553888
2002,3.3,199528,9105.613724927627
2021,3.7,16049,39324.830734815645
2011,4.1,136858,25989.169146779717
2002,4.4,166771,17006.701521743904
2021,2.3,127784,29652.2113014676
2005,3.2,52691,14929.175019247929
2001,4.4,173112,11938.793610709334
2022,5.0,62986,45175.106667892374
2011,4.6,174834,23047.048996571117
2001,2.5,159672,2603.224053481272
2005,1.8,99774,12742.98910457054
2016,3.0,155882,19966.015736671427
2002,4.0,110315,15781.70592577871
2001,3.0,62204,12771.06509753719
2022,2.9,25085,37864.02328392655
2019,4.4,182926,28116.093883435056
2007,2.4,175851,11038.400303012497
2021,4.4,192279,31605.29588347985
2011,2.6,38980,23306.2224251849
2003,2.3,61117,9630.534547946281
2004,2.8,150213,13633.962512371552
2012,4.0,145416,22927.25996314749
2014,1.5,20896,15531.240588220167
2022,1.8,94353,24704.651500517397
2015,4.8,34813,36736.749778862206
2009,1.7,70679,16130.757746324616
2022,3.3,146753,28645.520338870156
2015,3.3,8228,28611.307745771846
2011,3.0,140654,20888.455807417966
2016,3.6,16397,30429.69976407559
2015,1.9,174871,15398.483117216618
2011,3.2,42011,24582.147633061977
2007,2.5,84183,15726.009072685923
2019,3.6,98254,30587.603579234798
2002,1.6,180336,1000.0
2015,3.3,47317,29803.938883504587
2012,1.7,183986,9508.708293660427
2022,2.1,107489,24405.61161976165
2018,1.9,181326,20889.29997570337
2007,1.7,45096,14221.390762758365
2021,4.3,58785,43095.75479153068
2004,2.1,57344,13200.735302433892
2019,4.7,125382,33694.61269673701
2007,4.9,164484,23468.53848011999
2023,3.3,115489,31694.293490563512
2011,1.6,187730,6310.280806563433
2000,2.5,185621,2324.551213860032
2020,4.2,16549,42135.61575059825
2019,2.5,30739,30512.875421575012
2005,1.3,26209,7407.761737482457
2021,3.2,112051,30432.766849574527
2017,4.4,20116,37708.466829316036
2007,4.2,25045,23369.52509205831
2006,1.7,162399,7806.3947304972235
2000,3.7,40709,16007.079947482496
2020,1.9,48617,24287.960278135884
2015,1.9,196211,11795.102812517864
2011,4.5,162977,27552.477889843223
2005,2.0,124779,7999.423935708561
2019,2.1,47919,29484.75405791282
2001,1.0,88521,4718.2609598054305
2013,4.5,194518,27818.99654571185
2003,4.2,188500,13508.136506765019
2000,3.5,183966,3306.005760865438
2022,4.0,11447,42053.642609069655
2017,1.6,10499,28658.202739557095
2012,2.8,44041,23727.16984365235
2001,2.4,36315,7204.618962401706
2008,1.4,137371,6781.693007139765
2020,2.9,125506,27857.233450466392
2001,4.7,141066,15250.722865160405
2008,1.2,143561,1694.0420640402217
2000,2.2,96647,5971.9484595697495
2010,1.8,37355,15562.497507284746
2002,2.0,78805,11605.13332179983
2019,4.6,73367,38533.716975965595
2022,2.9,114906,31693.857793796786
2003,2.9,122409,11141.37771300788
2017,4.0,82355,33069.716606347705
2022,1.6,121220,20634.401423275714
2005,2.9,92173,12811.017389557419
2002,2.7,6996,17327.429402638707
2021,3.4,49387,35949.573939460395
2010,5.0,8089,33798.536164234974
2014,4.1,103827,30280.99248293175
2021,2.6,25659,33728.773819681184
2004,4.3,50178,26972.889265888414
2019,1.7,100965,22777.882687771154
2009,1.1,86268,8061.584848979397
2011,1.8,90042,15266.507034168664
2014,2.4,111471,21641.581254242756
2016,3.0,75111,29235.768022857406
2009,3.5,170637,14738.086255744243
2005,4.6,105435,23235.663438983625
2017,3.0,94242,25493.39014500377
2012,3.0,118204,19956.536150761116
2002,1.2,158956,1743.879248486784
2023,1.1,22199,28882.547078863798
2009,3.2,65038,20391.795077604882
2013,2.8,62786,23545.015957919833
2005,4.4,114636,20196.036409758293
2002,1.6,54294,13068.705979913535
2015,1.1,170250,12544.216332890726
2006,2.8,148737,10884.18681745442
2019,1.9,5534,30867.63429244225
2013,1.2,96828,16873.522731366596
2008,3.9,41132,29026.74142104707
2014,1.4,120720,19139.987365020188
2020,3.4,41110,36359.92976573226
2002,2.1,194826,2058.996512443743
2001,1.7,68580,5665.766464791361
2001,2.5,158541,4988.799396786913
2002,4.2,69016,18741.689265641948
2017,2.6,51233,29918.22361457718
2013,4.0,134863,26258.29181387195
